ids,senhas
18672,igYmSRK56BHo7ueZN2xL
454,GSkgLz4DgqvhEopLiLsp455FBfhw
4786,jh3Qdw8g3UCPmSXHX
13388,hPhewNI6ndlzwBCzHrO
1892,NGroOiIDRGa6wMaGvLuMH3M2
3774,92COrtMmjCCJqZ7IX
6302,4BMIbdprZPL
15732,SyZi0vWw
18820,cVcbWSvoa4A3a9IYeDUQw2g
1450,5RQJHWcnR8X5ZCQIANBhF9uSp
19274,22lrdVbIs3yE4GUJdk4
7850,ISwWYGGcPOHfRUhDNDfe
14138,YvO5rJvhm0piJGcJysm8HJFaA95I
10996,VvephGQraCsxtLJWVIrD6SKI
238,AQfblWa6vZo4p
72,WwT6w2EPirgkneDNcm
4546,np7i6DkGc49lwv
14684,aXdfucPN9R08Rz
19878,38QAbyAKmcUD0jQH68YL
86,8D2ev9XN7ND
16658,4uX9bvTsLLU9Ab4bshgGIs5
4074,Flv7sDy4Oas9v8VVtI6uF
19894,6DparHjm0fRjuTTzK
14168,6OC9MAd2VjTVfCG25qVGux9oVOA
8646,QfVYxP8icRxmmyOxEUw1M0e
16338,FpNTqzXjt6xNHHwJvPebXUN4K
17902,4T5b8iArz
1436,pVHq0ONa
12498,3K0VDeTpeOzm37gMDNC7420I4X
314,WHYxCl7Q
1908,fvu2KQ5BgAKxreXNjKkIrBg8tTH
4826,N8VJ04rhsH5jeClQqrtdKOs5
11956,CA3OWdtLLWs6brwCGbcDe
3184,cLDOGioA8qs3qZ
4946,NMJ2qidNgi6y9QJznzw1BVBq6I
9338,paU0bim7jO8sSzne2I
5540,nWkK06bTyVDm
3520,mYf93fjLZIIknDtxyQkSY
5842,A1NJp7KKD64hi7Nkdp
10230,TuzFOhHBxeDHYwG4R94qtlSJt8
14844,6alEP9z0v4OuZPd
17380,n3iIsCbVUH8dZG6vO9iiSpf
1244,j4DXTEzvqgbu
12902,ZaAF53ykQYz1KOE1eOyktRAQB0
2852,2PE4IK
13064,Da8sdGrvjrwvLUOpzZKK8ntWsyd
13406,GQdavhIPmMzK5ux8JdsB6tgN6
9908,Zafu8pVzMkk8mN2Nwiyad
5446,yTSMbpVHVmy
13400,m8wDPBAlNZDBopQCFrt03f62pAXV
11728,Bkl0lPX7TxcpetTJ1g
1376,A7276Efw
4130,W7f7Oz0oE2J8oZWhY8iDE
1104,OyiR7z6vnaZBjsvNaSsDNB
18302,0tVEiZFGz7EuqjG63
13698,cBW94GZbJ9kKKwPo5SgSNj
11482,KsqyMRCtk3tUaR
66,3OPEVyRVVET
7650,ePzoFYXjHBL4Qe
10658,P87NbcP6pDYT1niQvfSZgetsHobD
17580,arlL3KSGI59cn
11756,Sb422CXj3
10114,lus82Q3W1DYWAYWNWBhjYU
19424,qwMoH5WPh
5006,5v0xtqxZQtpuE4Yz65
13312,oa0YviwJ
17970,sJVK4KHXU5d
8764,6PZb6w7sxbCIIK1Yc0fE
68,dYOsIFB1za1CVyA4Dzcfn0KL1c
13564,RRsQKCASRTnUg
880,JcELFtBUFtcTMEo
7434,xVh73wbje4KL4yr1ynlT
1660,Wtm3iTvOtXcB
4424,mnHR24Gd2YeFsLn5wE
7442,3nenkBYNNSuhYGqo0a
242,L0OH282iKkdy86xUavLn
7872,kgHoDlNsaHGF0YZmyDOq3S
10368,wKpAQmnZrQFh
6156,5nUpeY5bGzRK
6068,XqkWYsslW
1500,UbksmKf2SVRnDFinXrJIiLww
3010,iKDqL40V5Y3ZfRG
8824,PpvSCjG45j4NzWJW9r506ckPaMjm
10536,Pzjc6cW3aNGtP9gdUAekS5spDH
17536,1FuXxWYRznqquRPKoBuG3uP9Kqbzq
980,VgkZsXpwRV9AAEX6GeNqIEHm3
9304,Tuh62q
14990,hYRWFhz5PZe5fYoWeNWNA
14066,WzX4x4rfhKZwuOc1r5r6Xl7ZiwdAD
15264,LJTlA5MnYMSe2
9706,a2LWVhDRUWJ62P0v
3210,XE0z1mzJ5TrBcPnbGYS
7908,Bex0eg5YCezksWFeGczwLxrGt
19738,X0ytoZP46CPrY4ORKP
6706,wMCoz1ZcuaVvDHhhL3KP3Nc
14226,AMVPmULJM
1842,S1ASJmwgUe
14502,ddrDcJfclfIm1UzK
14052,rkHCpwkNYm7QgnAY2n1VG
10758,rjEyzwHuYJe
1166,c0Gq4zZfg1Qi5mh9FkbCPKC
19930,gTrVzTy5GxBUBEQ2oJRj6wkdPS
13888,FvZiSOiLyhmRjsg3irdCCp56MEz
10802,AVmhOiXmDPz
14004,dOq7w9AxQyvAsrGzza3lPby9N
16804,2QsUK4fOJhoVkvgk
17694,TUHvorCrkuXENe1cDCKY36
16118,NDVfXD0fjwxP4nfYOo
8994,f30b3fh5kDu3wIFrr
264,70PUiq2yTb6
13270,T8X5QwDppfT
7630,UOFaNH
4276,rFH0CotRbzcYCuPOHTCve
4778,s4Oult68621lcsmRIsv7m
17060,Es7lsRalT4MBmDK
5744,yEvfnNufXsq
3086,sN12rMRza8QThX6
14968,ZfX5sv4ibzaSI7otZO
2450,RBJBJOWWLixGFrE2
16544,A5VLmpS
10844,FXjP9eaK5uAylOJsGhM
17434,36ylDZEETAQ6H86crb6v7WUVk
18350,yAPD4ryl6p86Z6UorOkpLp5
5680,no63UuHG48N8WWmVQn3U
6980,Gebaw9w1xp
12372,EtMvQvEfhg4Z6i8H
4650,mOaqdCwy8FA
12198,l2ZzyOA0vHV
678,4bkL5RYtgefaC2AL6sm7gs
3362,UUUtxisZVAGLSbSj1TqhLs
19020,hAkDDQJ
3706,ZxaKwayO6nEFC2SVjMdaILiti
18878,mJOEyBeVtrplJGYY6etNpelFU
12012,Fs3PQWqeY
2058,ETbIww8d1cSGWSFJ
6244,e4reu7LoDNI2
19512,8QLaZiIm5ABcI8CNYmupwadOC82nQ
12102,WjTzSpXs3
5304,Mbm1hkSAOR8
15222,4pw32qstzCcI
5968,DLtZQncjqyefI4JgHHHqtbomiimCm
10254,oAdzU2Q5CIgg7W0uzjTD
15644,4neZFD4pwxyEQ
8788,5ZQT70shlouCaqxPVmZJyEowh
5444,AXsM6bRsYCAIg
3484,5W88TxmNdKmtLvWFBhMgeS
18396,L9caC3q2zEDODogNtiNbyJ9
9726,KlHN0fkPSCTKNFAOgsj2RVM8Ods
3478,bheObck1Df
14060,25MtDJ29xSqyAw3WtpMZWX51e4
11712,RIMPvBhGyCWsCHLSy
8828,t69QjXUfvuIFx
4830,w0mehoNXBVYAe
17342,AZmZ3KlKaoXk7
7848,rRKwyYCb6XSbVZrVQkaLzVr
10040,KTwbEz
11416,tjjsaMJO
10068,1eKOGj
16412,A1aGYqzMd6
11738,rzHhxkgizBQrAWuxhAdTNWME7
16524,CdxJHt
56,ynFw1qW3v
7818,Pq9f2lS4B79Cdl6ZF
11040,YjbKTgYRPvZlUw
18250,N4ap6Uq2x9idoQhcZg19k579jRD
14014,eN0PE5XshHZ
1750,ayBLuSph0GDqi2KLokBZ1
15874,W0lMwKP
10834,31el4Qzz5G
5318,avgF5e1tyHgrffokKTB96
17004,OvILXHq3ROtsC2syDh7GCrkhtCj2P
15530,sbZVrk6mFm9z0Zxlht58
7304,HSYqgc82ixzPXMmBfgIj
698,w5xczfUUxbpuMZQ3egy9GX
4126,L1QQ0829h
9168,em2F5zDmrnKdA86A9dyQi
4954,hlDyHZ9pisIt1WVH6er42aUth5NR
9318,7CxSXTlLSTknE
10716,pl7MXPOfEZBinplTKY
18912,a6FkAi7gyqnQ08Bfaq45
5182,CT0LMZIsfpNL7mLlApHu
19238,xGFgoYGXcdeQsf1hVY0U6jgT
9308,gTkf2xq9E4Pf
4456,TjAEDCf
16060,NPMQzLPzLcImsHZPPgesMYv
18860,cegNgAZ5HpqV6tow
18598,sKSeWWjB9Ulwbw4eSjuj2okheAC
11860,X6E9egZHK6rCo75q
15412,b8APhcOy9ciTbxtF
18476,iap8Giti9RWUigVOVaUFc
9906,z4QcdfA08u
2882,i5Na8GXj4wCG8NPKglOcr1Gk
84,7sPMBpm1r
17990,v82ZQn628qWkCaTGYl
17910,z4C9O0OXXduuVTPCoB6k4ohd
5364,RhrmHPz
10282,RgQl3DnenoIh
16028,P5UbPGFKhbSS5qHRPi5DGEReYs
2168,lxOVKaisp9hnaJtk
11722,1izhKiG8cH7wlSDkAz5M
19126,qlKQDvirkJqeu
5184,xVuXtqLOiEUGXwEuKiSQdaNXgpD
4950,y08pueslpbXxv7Uo9
19456,lGy9TjFEvSGdI
1410,faz5ZIZlwGtnnngkvv4HV
19264,jFeRIHUliF1cyvrakWRuXUk002V
602,qUTwRwkwuFYvSuzTj5l1
17238,DXUyClW1eKiO8Zu
908,4RI9rry9gN4mU7Lt9
11128,ytMadW3rfqYbk
5658,mNFFCW83FBh3VdPgQdEOzR7vxy0k
2150,F5RFuvkQDTtrKhSSlVdco
12972,7NDvVdMTFiNZK8Qtv1ulfPJ2
15262,DBZm1Xd3oe3Yio6kPW
15172,Kj9FZ27uw
1262,2wZQmxO4qYvAPO4UNax87l
14316,UrnUzqtxwHt1Uc
4100,Kew1kbZlAZpIIVf
5116,txgQcQ7TKngnNlAqb4Yv
5650,uURS6K6peUKrSKlI95
1816,rjSiVy9jTq41FX1URO7NCr
1846,vt2PQ6uNlazgzNvni2gPSKF
19724,74C7vmRZI8kfM2AKoUn2XX1yO
11008,VFEz4rsEg7ix8uSlhd
15074,akogQ5RJRrX7Zr4IifrujloWJS2
16558,269VwpDrdiy6OGhd
936,YVAsi3MoTBotMoPd7l
18982,GydHXRBVe2p9m
9938,Wv93HsTwr3
7374,KKTd2FBBBIHRdO3iKEukmgvZ
7498,ZldAsgDN5FK1G7an3xyBTUdhPry
2098,HLFq5T
5948,0Tgd40uVeTC5w
10278,QJLt9ZcB90gLhKtS6V
19774,e3aUU9sUGS4yHuudf1dGrWqHWLM
19958,QyOSToogzTQ
3178,9uboLBgNlrhLp2fuR8JkIAt4B0
7160,qAbaCA4NN6m17yAvb21dK
12016,tKpcKlM4jEIP
7494,GLV82rBzMtD9JP71yycxU12j
3382,LmvWdIy3K2SEdEaswTp
6730,ctRXS8JMDLTdjGJs7g72
15364,s8YquWMtZQ2UMV7CJkl8oF6rbCY
11954,euNATzMMcxACMjX91bV8pF
15134,PtgyP04ewKXHXA0pKE4BObL4umGK7
1280,dkv6G6k6RD
4132,3ikPvlo751ZZO
13930,DsFHejS8n6iu1
17548,nzXuwMUN5rUog2HlBD00IBwmbzFz7
19832,PRN9soYRWnwkhz
6080,uMPr9pEgFGp02
6174,Ez5K20B44dFj5Q
1854,Px4U9KwvrK9wGH6ThmgdsHEQ9JW
2836,2bcxmSqWi2uthFSz6rjZHHb1Gyf6
16106,nN8o81FY
13682,A94yex0
418,Ic0fKFGRVlvxQqEs
13344,UMolqLhWiSEe9jgCIYOp
2122,IzVylURF6wjgFBI8m10ULP9Q9
12026,5wsEZpyFysTLCfTCI83QqtMfy
16812,hHPNYpmLm
7220,6BYEbu7KFpOQO
904,fNIfGpTPRMLdlIIAizYU7IzX
6710,Z2Vjqw
16290,XLvsHIq5FPBF16LW
8972,MlJSbxuR8KZfAu1aBDWm
11096,RJJQdnbODadg9DIduy2Dfq
14690,IijjgNdSeZMvPY6ZDBTl
18308,Jmim8lizISynH3KSXC2RDqcrfUjZi
5768,ngwffXoVruefKv8Q
5832,euYimCzAcpHpw60Sv
15788,fZ2h4JzLUTiL2SRi1cWmKp
15838,o9pWpIuIsDnbQk8u1GyW1SKw
3712,IkCC9J0febWUzbpLKrdF
12694,HE6DeEumWJbO9vCb4Ob
4010,J1MgiaSdt4JXFPZh40ji
4562,WjdRAqZuIrIL9ihYRxx
7784,Jw3Wrdw97oPBmn
16020,nI08h0uId
15840,2FTqeZDhzNxCVFdR59XSZWSmnGF
14500,7KJFHj0RQ3L0niQv2VunJmkUbSiq
3226,fd1iFTvxHWTED
13142,btYjQCJMs
7726,kq6DjTPBTYlGxn0n1Il1PFM
17174,X6tbUHX5
3980,e9nQRhFLSkbOa
15820,taHrIrWvWbUBHzRSknF6Ik
15318,YzTxp7Lhezo
7582,Xi13G6Ed0bUZhZe9YQTnxdC1PU
10106,rETd6fm3p9Ov
18114,nWSqmsvi7rs4hKByNsvk
7270,rF661BGMLPnr293LIoV
15940,HJCkVHN8C9M
14484,1rMctjqhfqVh1
10134,4OhR7WFQDzmsQtfBucrL2c
1864,jQviVIIYR0RLkxEJpyiTgVSkm1rO
10762,Ovc4N74HL
2202,CtrtyOh0vHUgkQq8tKtkPQXUQ
19998,1GGNHwK2FoOsZOn8jNTL2oSiBlWZ
10396,uQLqDttnT8IaKdwG2Gaqvlhm5alQx
19092,ymb12uPaRkpgJNg
482,qm56tf3puQ2v9rtwLLe
1484,XFSnovWT4qJvrv
7980,Gh7x09M
1956,4O1iVO2jxoFIRkqxo8iavrPLDzHT
1644,UgVX0U9pLvXJE4dhpa16mxGedCxB
19924,BkuwHg1BjVEAfoj3L
1422,N70UJ1XPaFwOm0
15354,VNKFXWIGre
5542,PjCULjSk9FWuT8uY
13724,RDozZ9P
8594,0KPBUjsqFRu5
2094,5j9QXfWuVl5
14998,Ilc9YyO1GhqrfTjpEXH7TzQ00
9600,u3zrz6aWoVOT
14410,CFGVrm4EIdwkDm2
450,9VgY5iDS0WF9lAtis1Oj
17390,VBNd1GF9K1KrTHqpPV3i2cQ0af
7886,kKVkP3ZbNtkToGboKEDxQXiL
628,l4E3pXHdWpliQ
9718,GyBeiQyZvwdu74isjcD7MDJpa
11292,SNvynAsIyA5Ta3heVG4zv
11010,z1bhSVChGuX4d5MOZX2
18714,A8VTsWHpjOGGbp0QDrt2PBJOpNS32
14904,2mYAJExaKhNs
10384,2BhjG1N2jAkfAZFuwS
8472,83vmHPVTcG
18060,EDFjL96oDwRGs66Vi
2112,f8MbUfu
13798,YsodS7cDj7AxG8
10132,Tt7TLmdb4OtqyMV
1910,So7I2teoUO
17864,d3h0r7j8kdEX
9876,69c4fKLXORr2
18214,VouCsmKek
8658,mFlnNUWak8GV0mmC9
180,3eNn0q7o
11548,vHb435Y
8416,zezgL5uxCH
4590,gPbewvltopNH7jBMHntLHtOHL6SJ
16136,53w9bUhEKJOEXzHdA
14850,IUWb6j
2300,NenrDsBxyHg3tvkeWfisK5mrrW
16444,9mewscQOHxi
7756,90nRSyu
9296,Az5XqfgRdAwEdsERYs
16534,KIcrjz17IJJmmZFldAQv3AYVxbU
18496,6MYg2LtXxdOnX
14928,27sG6nbD1CkB
10262,DsHPm9Py
13596,XnhVznxsiuEBNdmnU10wM
9694,5Ll4oasAm1UyK1DVYrZk2FZh65
16766,gY9eN0ochGCUdj
4476,4GyuIuCw8LwAMsM
12064,DAkeUt6sm9gyU2pctbm1
974,IvcL4NkjdX
16476,aXQrgJGdbPg8Frcl
4118,uLImf9mGKeyvFfzn
18660,Ic1ZmG4XLaM
15660,M3F5BfhnJtgBdp7xlpLRX5plR6HaV
17180,bKCOce4Ae
17212,hZ2fAZgwD4BbTxymvnUB9MEqm1FC
11684,6p0QAsqblzCUUI2kmPuWDWgiBhm4b
5036,qrAtSojRw1mEtP3o1W3zEgH
10046,hWwSPdLBzer
476,YJEIYUcRbjJY
17458,vnbh0OyHH7mOxd38yRv9Isaau2TPN
17424,BAVnbl5GkS
18086,toM9VIP6YIiIeD
9580,OEc91GMUe3XkNBTQ7Y0aCeAMx6J
846,XPkrQ7N0d57gtLWay
16512,UfHL5CT
10594,tDG9MzY3
15786,mnz91AdYXb9z7njGw2LZgLV9xr
14068,V9gh8ihOTL0wU0JsIh4HSzeSdrH
3868,orGcKsPAGAKYhYKOpecY
5456,1VIkz31OF2ZVD9nAMyponHbCnHP
16176,iWwUnYkvEtMM52kAHw7rM6R
806,E0IZZPH5a4Z
7576,fgpmoWXk
2366,I5vA8Fju
4134,qak9ZGJVWUhLlF0EWEzn
9458,ZSy96k7svatyY49dOfr6GsqA0H
7988,b9wOQMmDnQVLMATd8n6MaYzdu
16116,gluancsPLPK50W
4780,ePGXxJxDFilv5r9w1VVuygXPEclQ4
19686,3gyENYBEtNlbWefeAj0g9H0pj2kB
8144,1J1dB54BLykd54XOabXYdGSGvCjD0
8608,WNAPAOkqgTTTYMFyi
19344,B9cAPyVr8nl2U
10620,eqqwN7DXmeONSOR12
18746,cGiSwKkxDcaAyuDM9Yf
4690,9nS2bZf4PdTM3UMTkWe4fG3YYV
14600,CLIRJG0Fw0m
19586,woUDqGXzQvzLLzfv4ja0jFrXy7Pzn
14476,eqVwxWOFYPkRjadfyira9osja
1968,uaLVqfurQLxEfjsuM8SRgT
15880,pQPG0Cl1toxHOdas
16314,MjDtcxH3JTXsK5Qqy8
19690,wIa8WRM
1212,0OHl4nVpRm4ZQ3D
13266,BomYBWMXmaRGewM8OL
1466,k7ze50hJzlk2piIN
19688,bPJpTdSK1g6KVuw5hVXYZf
7416,CrJWzll1IBs8Ov1eapMsLN6o
7360,W2VNtC9kRCPGPA2Z
1024,0YYukL4GWfQ
16830,Pn6nqxwRk8lGdf5MnaJqWEl
14486,7hEWR8wPQEt4g2cvV8CRuBcSMl4Rq
12616,CvMMTRSa9ETEF9KFY
11386,PFP6MPYy3xhRUu
816,ycFEwh7QcadxeU
19660,49hffn
10522,kvJgaCq
6468,OZIGPOgk71xUo2F
17794,brYyrTSTDSQbJT3Cye
15522,1aaiPNmpyzfYqZbFPQAjR
11794,gXNxojQQ
18818,eW7Hbn9GMuZaIN
7774,8u76N6ET3zG6z60O50vH
2848,B90YSM11lYJvbIWzhnxrj6qk
18824,Nmio2H4tvDT8gJRIZ8d07hld
5764,BOM37hWxAt8ixkTLAnp513d5
6814,2T5AV12xjvqWTaWctN
7198,uAKwfSZApkeT
10538,eqYNx5XJfz4PvBDZapUb7
16630,RdKZilnUDzrPq
8794,TFS0odNIfaDD5EiOjVlrI1oiPTR
3910,6v0OqNEzZoLRT39v2nd
13076,iFoiXZKOPjRvLMmkZZ
94,Mt7b1cAXrfmSnVw
8832,PNf7Fc8A7IGcnbIq1u
1656,aFLZl6rJZti5fVnjdQhs
16950,xnWvkoCCAjYBFYDyhPi6X
18564,er15Hl4nbIMciyw2bkGnB1HZlpc
7700,oIQtDtgyG1xhUGWgB12XqlObeTeXh
6002,6VupqWABA
11656,swIwiQz7K6XhtfYDS2TJ9R0d9YlW
17614,z0YnTWnr01o5FtgZWR7UThdSWWH
2770,NF348u
16424,3YhFl2PzpFq7q1zC1UDLTg
4238,TkOwAKu3vXXNANiU2QwoYK3wb
18208,wv9UVUQUtH1UZ7Dt9SvMxqe7T41Y
18690,K580vKN13xSIfDMn9dULrMm
9090,nkxzx2uTjJO
246,eQrt1Z95VdCK8PTqrhKrJHr31iuX
8634,dvWvMFJkMohBtf19Lom
770,xp6AA3LRsrHj6A0V
2830,VXgL6LrWpN1
6640,b5ziyr
426,KnZgiBsgVa
1380,Zs0CpucDB
4706,SbLyBBt3ndtleVxaPk
9958,LocwtX5zJDiXm5ZXLf82by
9438,DPIkwuNkEIYv
12844,EdV98A
14048,EqVgdpkX93pydcJNh5A8egja
8342,cEYdj7tQhYEsicGtegDH2PhNa
8524,69onfMyNrsfhkd2daOkNtOHRx
8720,gQKvS4RMwyLjl2oWzz4JDhhm8ks
11088,FdU2Ft3tbsxYX1ZT18W2sd6Y2cyTv
16672,iy2ci8umKiuGHbT6Pe2XvSl
12654,A1eTU2MuI9ciPpuJx72hqgK
19552,UwbM8A
6224,wNvk5x8POkqxymx9QZxbvu0JuAgwH
2382,MG962QhxTHH
10586,mnQqvXbmSzii4
7182,Mm5S2L3Hwwhr28ceF
6290,XHJkRMXZP3oN9I
8440,eoU8usbKfmUgleubw
8326,tvH9RtcGp
15292,qXLffefOb20fMWmv33nkWFgk5xv
11344,zWNeulRk
7590,WebnjfhXwXljUA4FF
19450,Xhy9n6n
4012,0iHxbK23iB0G
13500,TqQ6P2fS2FGMWt3Fg
11736,GKFIG0OnKUM
1566,YAHHa5dQqnftP9mwAUwvdIIFCKk2y
9010,wgdKsJ1Wgty91dlt7IjrcCPw9qZc1
14832,etbZg1A1Z2K2wABWAdnht2wx
19136,fz3Vaj0cl0E9Wk7TXOBPVGfMrzD0V
2546,hNHkoBJ
14010,BSKbSrT
16224,OxSudHMQLdn9l7ygqcbvohKTY9r1
18306,JMSX1FGWq6bZBvvMahqkl5EZF
11312,5wRh2xn6MGgxhF1caA
2322,NkIBijIqeYfVg3UgZs3qgAqY
15414,3Zgc9IWTT0G9raFW
14158,2gWlWpv0
6216,cGGxT3GP8GLO4rKsQudpf6g
1490,7BIDefo3KcBopdRoNv
16784,3rx1lyh7a05xbAcWsBnvsGEz1w3I3
16942,ATZnCqLLQUxcFFaZxYprz
8520,nOS7LaZPKrk4zjKMwQIWH0
18488,jgwpl1f7DZyjEVBuiNI
11102,g0EEfOUsjAwhEUZN9hMEzLhw
14580,iCwrRgGjcYS0cE
2636,iMhVgX2Gr9TjGbEq
17648,aUzSWJcZw3N9FfARuT23jMMLJ
1,5up3IvCwOs
3,RDCi5iRcr8NB2mW5Q7T
5,KWCuhC6oJ3KyUXzLO6fDfarxrJ
7,vGhnk5qNnNOeL3
9,Ey8ZX9G78jsFPzALr
11,z3XNCqst4I0
13,ImOuylMjTZv
15,QCDMJLrSabZHRUvhiFApkFtIr7U
17,mvuB82O6Y9k
19,IFc9tHBtOaBoF7FylPMYSICXROmKs
21,4MLl0wL
23,UKQt8lu5FYdf5S
25,LjnE6DZiATk2B7T
27,1ZRmdvJ4i1QNrke9tuhzW2RA
29,ScFJUcWLXQs4K6B9PTeeMS
31,8vfFLT1pJztTLeQ
33,ji3tRxtnOFnmolsOtj
35,88tF5ZnsZSAJjKbQLZorYfG
37,sd4Dl2x5VrHwwnkdAAWZ1tXEINfW
39,p6sgu6LvhVVXHaVMp9JP9O
41,Z8OPNz
43,N9lYL3aCK0cbWWaL8vLPntVoyC
45,Uaa4apdW7zt8dWj08R
47,xcLnXuO06vmqYvCMHvlEDSNL9LPf
49,3IEivt2tER
51,2VW9KGJKtO34H0qVQSU7
53,70hSSqBSD8pPUBw0jOxMz3YZbo
55,ivhCcxTVe3FANQFyOG81x
57,QdjYo2UPhbNBT3hb
59,zrgknr6i31S4XGClEicHIEOzkZ
61,HKpcxNKfRmsi5keCsnWyFYEPoa
63,Ns3pHE8JsttLYQBKVfJNV5C8
65,2eTHPYgFvNWfcigC3xG6ptan6FI
67,IBWdCA7WUUJUrcxgF4VJCf
69,KIIY6JRR2KXQbmOe
71,lYQMvNT0p0xDAQjhx
73,j3Jmf0TcXMGJAuhZLRDFi
75,xWW9uLgrfILaMB0EEmyjlUTuj
77,XTiEEpe6FVDyDw
79,K4sYg57QnBw6Pjp7ZfkQJUg7Bo
81,zmgqNLLjlVjoWfLb3
83,8jaDJyDYa7
85,FFOsAKmbH
87,9vEoPSmYIzOHCp4eExJsDj8e48F
89,XZX16OetD
91,TNrLIQiQoOa4g1ejn
93,81Abok
95,R6IrgNTVpX1ctJMk2ic
97,p6lakghnQMNljiHrtE
99,A9XQERSRkS6TIJe6ehG
101,LxkdhDBRk3
103,TIfVkcaaLEdnKNfsv1EeGkezcfz5
105,Wf9rY2Qij48SaMkgEgo
107,6TKwnq69DLFZR4oy
109,de0gbL4O2nAJOFVrvrjghYWMSFO
111,GC2wCutzlkWGE5wR
113,OOTaqt7weXx
115,wInVHQXvxJOtVDeInIM
117,wjJKuYFeL29OKbT
119,ihY2m3XRArTIA
121,DlVFzXdSU29sG
123,2upGNnA
125,cZf6Zr8k
127,dyU8Dee3YbW5h
129,bFSlA5AADa
131,ywBDt9kcktmwYWZcUzuw7XU
133,3c5zPWcYEZ
135,xNan4xj07REInfLP4j6G
137,aC6ayEDWL3q5xvBdt7LJdxoDw88U
139,BquDwFJf
141,OVfk2Iz1X8
143,QVQmrHwwse
145,w4hiz1LGZtSXP
147,4heFyipkMHgASkeap4nRf
149,zrLfurUVIV7pej
151,pzgobNL635TdsA0oSOcPvaR
153,Vt1u59fQnOC7XHu7
155,psD5aFvjAba
157,9fe6l6gCOWWAyU
159,gDxX7QuswJc4bFgACWdgeX
161,sVFrm1oMQ8GTVSSzunYSzMlebUab
163,ijkpUgYoOSYegWHuUde4l9yg2K5
165,R5dvM8FhQV6gioq
167,jQ9HazF8dQMT
169,KvtEnJX8
171,1XY4o0XAyk
173,jfpsfigQVQ4wDuNoMrE2EuLrQ
175,uSBQxfe1tfEpO
177,hMOcQS91kuW0
179,sRU6Kzc8OO1KQUr3
181,WewPIvyJfX1EVtJmK9Vh
183,W8hSRNzveVJ4
185,qKxBrGTpzesbiMmC
187,vCt5KTd9f6p
189,ITp2PltEdnkv
191,pXEWc9
193,KmsQxdiUI7vlKIB
195,fciTCqBpmtQURb
197,gDhEQZsqWq
199,aExNCAS7kNEl4z8gc
201,JEXZrEGvEotBxxYVdVEUT9DhNMyp8
203,VVzfpCwcSLiZRhgGjKM
205,40YfEsWI1alH
207,NObmDkhNtxpaLclazeJBE8
209,Hvhp9xF4b5D6nuFYMiLskqUgp
211,jpSjDwLbLvsx
213,X63wPIihvgxfe2AmsG
215,8cuqwYqleKCQ7umJt5pckzpG48KV
217,TsjJ20p7
219,9EHl439SKfAHN9iPNPepfQch
221,lpT8XM
223,5AkwtJ7A0gURyGUr7pCOb
225,TE2W88XLLefE1a4vewBITiPu
227,NsA2JF8guVfjMFo
229,Sv2GC6SCdmK
231,LfsLB9H4eZDErO5rBCB4f
233,EhewKjl
235,Lo2Q7bHmZWEWKp9Z2m
237,GcZAxXI6A6T7gSkaue7I6d8dY8
239,on5e22q
241,Nvf2CB4n0kGrHr5aqBNy7jBjXzp
243,Tnemjqr0F
245,h0bVavNH8kbkJ
247,Ztm7DMSI7NdLtZJ7yi1Pt
249,mFTDxd
251,KbpdxEf5cBC36l9khgHe
253,PYz6B4jOzMECgTnnvsuDA9
255,jmAoGvtZ3LJ62aPv4Y9
257,AQOxtJe3U5XIRdTHLq7
259,fSPZr7r
261,fAxEjN0hzHNoIWu
263,Z3OYgxMzpdSRkKYak6c9MawFeBv9
265,1QpUtQhiwlkULpmvMiUsmybhVswY
267,qGg5L7iv3nInriI
269,hQ3QRK
271,ZO7yc0H4JGOWL7KiK
273,Kgnc0G85P6JysQq
275,04bLaTiTlh0ojONRD
277,fMQY8Bcli9BgTDt4B
279,lvbdJH5D8e5DLK0OB2KkQbICtM58
281,K2QCO0uz5eQLIrlaYU07hhRMoj
283,Zo63xu28U5pqIYhwByGz
285,kSDHgIgclk
287,e6zMCsEcGM471FuMvjJGR4xUu1kk
289,Vx81t5vRA4MroJeCDkxk73Qug
291,YfOOfHB54W5dM0zdBSSi6
293,l0q9ptqqn
295,Yly5w9iOpM
297,ZH4ACOHSOEkT5A
299,besrRjAPGGXxSwUlz4ouLCjTbVlx
301,iiLtiq6qGrGoWuvpWsnxfQ
303,we5mBP
305,QiAP0YfCfpt4hmL
307,PJFZMh
309,ZGckXF3cMBSkR2bIoJYCsGe3L8
311,mQZrPjlpGZ7FdooPjifInR7R
313,TIQ69FMAHcPawx
315,JCsbi31ywBGm4SXd1mVk1TJ
317,YQgjHmD39BZX5EyMjoOb5ucvW8
319,nCckO9g
321,t0hTlt6VloaqIeE5Iv
323,kQYs33wgBStkHGJ
325,nvUNwoed
327,KO2y8H1Un
329,lp5qXTCqBIaEqX6LwYCSS4ysq
331,cO5gNVku6XzT3v
333,AnCY0ejbvm76ccJYYhhSRjrJJ
335,UWMYjlkA3uK7hjh2oArNBBty1FOY
337,3dhI5QtdZ0ZHRXUrp
339,VJaHV32ymlcZUVhxyXnkp0MEW
341,kgTq73GMI
343,ocBBhKissVZwG
345,TrxRgBcYlefjRGByp2AWSy
347,QQyTWgRe3R4MZt7AD
349,01G2c5XUhVYNcHMfOe4sy98
351,zkJCkHCUc76qmmoypqy3
353,rhxW08ijBeTs2txNT
355,mIhd9CvYRtE7wEv
357,U20ionlGYXTx76zvpWjoGJ
359,dhP2nToqI43v1
361,T4RHxbXLKFNIHahzLy3veZ79CRGo
363,QSeUfrOHW74kDOSiEsbQJMDPPX
365,O2lH4nDBbItebs0r6
367,k5mutHKtW965fkwSyOT4KJ
369,MH5E8f83LfM
371,2h8cr6B
373,YiMqO2CT
375,bsTDQEhe7SK4hOOsg7CzJGh98a
377,1bXyQR2YLY4CDV1KYYR5ZuBQc
379,W1Oxan
381,kQtRrg01iz9oU3i5E7jRjvIoz
383,jV70XbyH3Z2dyk9INb
385,Hv5yenTLf8NKuuhQzW9la
387,09jUUtSZAk1
389,LryBQZSic1
391,LiuWgC
393,z3SOP885
395,abeXAVzZl2PKsdpui8MFHvRd
397,C0F8FIoPkL4HJ
399,cJeyrd088OzfJV6qQte
401,CtKvnNh8
403,l0Crk0BpB4xiGFawJdQ8
405,9MQzs0XZCl
407,oKaNEzLuV
409,ZY5ajZtvr6A
411,bVSexgJ01nZIWDb
413,m1fiFrnG5ISKsRi
415,GFRhYSFSFdcFZAzvlE1jC
417,Cui1jDO
419,lXkAlej5fgxmpoOF
421,Cwc8M5UmaEN
423,qxG9rDcNl
425,wzkpHHEFLeNgdejBetoLggXsYD6c
427,zQKWb0rC3GxqCws
429,icat8t7z7fbCuFlo3Tv6JV
431,OZjxB1FvESry3WLB5piEMpVsH9s
433,Gftt4P2kyrQmbDK4v1
435,mZVBwPDLNjM
437,dT2yV4MU3Mr3XPNRIDqkcAx
439,F86viB1H4ucba6XHR8LZjfmcLc
441,cKoAazfKpXGz
443,edlPZpV9RtAl3eUn2Cnojx7
445,JXGteOoPE79d8nyOtNjTR
447,jBEuuvMYlGtvMlr
449,IzCgg1E
451,SkWbqbQDMVfvmcnsV
453,AuOIeOSEAr3bQXlqsoXgAzvCrYD
455,qGOWBSdhpkFxOJ3CoI5p7kRoxBW
457,ApD1LREdSyE3Cwq
459,gOvAhTUn0wUmlp4U7wj
461,pCndEaTGfaM0
463,LA9NdvOBDfKjO15
465,cTUTxeaIb7A3XhSef02JM3YB
467,p2LS619EUs
469,Z9tDOTUZVWot4MpbXX
471,ci5wk8ytzcV1nILyDQFqdas
473,lNdMErU9k8h2wnkFIvUvavZ8k
475,MHcP8CvPYbTSWin
477,KzgXwTE8nmsJ2jfMnzD
479,LUEBigd57z
481,Bt8UhsrdY7AkoHtAO1V2uhq
483,SMtdCUq1npGcxy032B
485,2Gnf6hQWU8cAmezZRYaIJO3Wj
487,wvkRQE7Mg
489,hPG1PyBZqoG5ZzZUQEgb8mzpjT
491,oCqQdUetcniv6Bf
493,avg1xODmKgwdMqdJSE
495,6H6Sf7HnLLz6f3WQDrI39
497,k9puT2xY52rl
499,UWoz58WZvakORbAczaZE
501,vvRsyNq76NIzf
503,hZBnmTAxcaDORbiR5pwexTCAQJrh
505,ThzNIzaGsJYK4hbz
507,iz6RB1SKp66znzVSJPY9fg1
509,CHH6hI3Lw1YkfKjLL5tkIDE9
511,JZRdx6iMSvGg
513,ARzENzsA
515,akJlcuWYByqBEq9fht
517,oBfULnCGDSD8dsc8nV36
519,bdFGXdp6
521,MuatuweWV7AKdt0dBdRmRwl
523,GmNU8YCrTnCyjnSdQhDhDs5HAOii9
525,ArDKmr6MJ9AwrJMFSBdY6cJl
527,isPhTAMGry8nLYTScziES
529,gPYsUkaA
531,oAIjkmsLMdbkVt9RYn
533,GlPNcUCMiHc1i2kom
535,u2dpVmY
537,0sYakBodQUbums8X6
539,i0ILD4AA
541,vo0kzPEKv5HfuDgYJXwOHWK
543,PTSOGyxvCTipUUa1JrGIH4
545,3CWclRMnL2cGmL9b6lGUl9j7O0Mqz
547,xe51z9Q8OjuqFy9Yfb3T9CAg
549,EBWA6vC7mj40vUV1TlPsUdQa4jZhr
551,CXSbPrVrMHLJvpQkVPkkYg
553,JCt8Pr33S7lwXmeCQspFfVtn5
555,AMIAjo7BY9EBVGJtHleEExCNLCZc
557,BLBR8IVGTdOqvXB2pMzGEhgeB
559,dTVaVwLKQ7Ne0mWQsIm4Jg
561,h5TwbTFurHYdgieMpS5
563,igg2oqME8DKlOIumR
565,4cDimm
567,ohQAi9aiuq1Nw
569,hksBlNMK0U
571,0pPari1KXl3xSxpKzuSGKgmzX
573,BZFjcbe8NCM7B5r94CrXsj
575,m387V0KPz
577,peN2De9
579,KdP9vH6acizXyeurw0YDL0OcXO
581,q3xwuozAS5hKnjGrOBv136m
583,SnBUdoi0dZwXd8
585,0f9KfVwx8o6o9VElE
587,KisCfY6EIRbSs
589,7uTYz7pkT8QSHg5Z0L55z
591,ogwB3u8fQKf133NMBWQEgXvRE
593,gCuxWPneVCcfEczawe71AJlY
595,f15K0xsFDBba
597,LGHWQgo8JxHKeUDjCx72r
599,OcaTGLlMaiCc7D5P448
601,iwPnU93iyJDmTiOkazO5FlE
603,26MhhfA9Ig9aKOtw
605,aSGFQt
607,vi4GiLterFV4vPMQ
609,dyFRDKS
611,rw58SufIM85nLdNT0qAiyS
613,9btiuMS4PgVPMAEUbl7TZOB
615,OpdzzYuA
617,XnGmAVNOftQANdxla61bGPZwv8Y
619,NFHl4PU99NToMes
621,Wbfr6xfZ1ePS
623,m9HRu2JY9ZWYsGfb2hp0yx4oevhs6
625,fJog0esRawR4pb
627,WGm3shN
629,63NT4wMV5HYMpVDEkLHBZg7GCr
631,A7sgk9MDUCidvd0LL96r9irOz6r6
633,4Y2yHLDv2Yj
635,JdBRoSoWcdXlkf9FVfNUa744bzLB
637,NI7QRzhEAO4np7wJUPE
639,kr5XiPYheaTXlKSZfc
641,fv64fmLKClnXNzbforeBYUtxxOoK
643,OYDvk0kO1ZA2BDT6XtmI
645,7j4fcX7H72rKOoOBWsjO6
647,UZuupEP2902mbm1i89sG2G7f
649,TZuBGs4hAAgEpqluy3WnbpLcb2sL
651,x0h0qE8wSwQSm
653,q9ilO5MeQzleX
655,F8FgYQnDWNjJJl
657,tJbzUOyhHeMYjE3TjkftgBBCAWjCH
659,5rjPnIULzEIJ5kxCupvkLahLI
661,uUO3wy1kYAQafO5igG7Iu
663,f0mp1R
665,Dc9BmzSc
667,6cW9zvyjoZxSinwizjM
669,GQM5W3HFuiBlVuK
671,PQNhDFDOFUy9
673,eFXUs3L
675,diGxyrML051hcO7Vcr6b
677,v01BRgw6EHsZsizKoYlr
679,acSy9oFz5iJO3JVqxlxfD2q
681,GqRRjvdRnRlwGMXMn1S6
683,BT4vv2X5hPr1vvXqfFMJeRJH
685,CkIc7vX4Gxw0PVZMOOmxDG
687,oDBRaHQGZkIu0bh4JOhl
689,RNS1V9yh1Mt4y6splN4VCMHsQl
691,0dl8RfTo57fgY8IDK
693,Xl7N0oD41Fff1qtMQj3nzJmz
695,6lX43FRIe
697,MsYw5clCpqkW1xpoN
699,IhMEvQ1addUTbJHu
701,1xAW1n
703,KcKk4x
705,RfDAfhz
707,zd5hMf
709,aYJKiasQJJ4qdRpcm9
711,LFrttbFlzHyPEAZG3
713,E541XCEAuV6IZa3W7T8eZpDom
715,79F0olrCuPPbALKczb92jGtn
717,q69xpPlhg9UBgxVrXF3U
719,NwajZKHAj5NetybJ4IW281
721,clUgwdWB0iFEd8K4F
723,QA6Ox9xUfUqJ2ZZHy4SR
725,JvMKcpSWExrEr
727,7eNf1TpdCPjJGfSwn6aYJwyf
729,TcKToV6PDnnOfl
731,0nf2JhC3l
733,TVZElw
735,4Z7TEHQfN4CSPDiopfXmDi0aD
737,iJD5aEsAW5wRJ
739,Qn16sVsc
741,SBn2VQ3Kasi2XX2YIkb
743,K4tftCRNtgKgSWzcK
745,uPKypCwiBGXUYt
747,PFkinJKOTVLzEqotks16U
749,ApBgYKPEwjkHinE
751,NMVXLR
753,UPWXe6tUXb6
755,NIZ2V0
757,WmpwGgLtwC6vehKWq6RB
759,Oz3SJp8bJz
761,XrpnszJC4IY13oSsEpHaWASP
763,oIjFFQoccC3RkNqQ
765,50VwINrBs
767,kcx9MHeR5NPFpGkSgyT
769,ZSL9yDPxzu1XhZ
771,xqhE6jk3byD0TO4YL
773,3U4DmqkTEEq
775,ZYSrKZXNVjXnUMlPmEoo
777,Vf7yEXKo3ZmYUcIUOdcvY
779,7oGS53GnxlXLZLLlL0ifN
781,qMduZtYuo
783,4sJ7rEVE16
785,JzVqPKw8nHTU
787,p0YUY4ICCjwD1jPZ2w
789,bUaxEQMxnr
791,KlkMly1
793,nPD12VgSN9g6rOan1
795,5E0YHJKi0SY6Ka9OcWP6pWU668e
797,jca1TSGHUfB0
799,q8AovB
801,er3auagPxFiIDQvASTpMh
803,7vvCVtAKE
805,qEOJdQWw
807,nsswoDDVVtIjFE5X1X6pULN
809,9R5LZToaUC0SswMlE0U7N
811,ItbmryIl60fCCzW8SJQAcP
813,rLgKnOQ
815,5eh6WVJ
817,LxYzhVSl0E0RKrqmUgCYmmyce0djx
819,mShkQKaak80
821,SxtIeCbkRPywEM9QtCTGaDfN14
823,52QOXJdaj5vS7jD5n9xPrkamjmcS
825,dat1dn
827,drKxwLWEdI14lq
829,0rAUX1Zvb9zpSWxpogqXRKU
831,Jw0b5zPSKBf3
833,2qJa5PFgW1MV1tx9788gG
835,eHbyuF2772gNCxtgud
837,9QjqIY
839,zKKihg8MAlsiNrHoRXD4
841,q1RmjQisTSEwY2C
843,ellYzEJMplZ
845,4FeLxPzeo7QPWd
847,Mr1CwlsnArBd6JLMj1B7
849,XH3fBO3lsEkc0F2r
851,DYwPe0fPqdnWgLI
853,IXPCF2bRw
855,UC91GgGUzjnKH
857,RSo2czoUi87adiDSyekLhxY
859,UFK9gu1QqGNDLUxwPEkYce
861,4WsQquuucrpVVqGFWhsfion
863,zDeOUVh7
865,qiN9A1
867,kT27Pd3
869,NpjZDIso3SpGJOqb
871,wmHzXU
873,9Hb1lwILJjOBUwT8xpsnizbeG
875,JDiia0N0xl55ubjBfqX
877,vZ7f40hGf
879,EoyZtMz6xvzY2740qQO6UnpifXS
881,kIFl1o0Drm5jJyP4uZ
883,lpHi2X
885,PUBlCy93Q
887,vwv1eX80ETdgOLsBK4RX1I90Q
889,EqL9wrA6Vte8a
891,xlBgNXx8BMbot0a3lJtO3jt
893,mHOJDe7zkNdu1pgHQ
895,nT0evjVxvXsot4CpZxUIb2Xu
897,RfYfJ6MZ7yVwSz84S8
899,XJsHtOmtzjgTU2qtFkb
901,OgtzBacKguU
903,KfeAfnahkxOeUuYiW
905,fjm6GK63L0XaNd6kO4Z2DRqes
907,RnwsLFLeRyfw6AQN
909,ykkluCZ912q5UuWH42aMeIXFlgPy
911,vZfFGFsVjCXo6o
913,ih5jUOcmkWng6UDaHRdqEA0MQ
915,ZJ0tbNqZLLrvVmcjb
917,i2naNIrWXNZxxqgqWrvity864tt
919,SWsg81QaoYjkLn7
921,8pkUGgCgDmIqB0N9
923,PtcN5hg6xD7w4S0T1ebIHq
925,IfbNxhYjHoq
927,roK9Wq47slz
929,iwguLSpOpwKH8sjMR
931,qO7PR3SG1Nx0Q0BFpLEbhmHOhNHy
933,rkMSwrvQabUGGCOZaka
935,HYMDAiXIqp4QuC72WVRst
937,iTT0QoH20hfgFBA1
939,36FEzz1JplTEFM
941,eFyPxlXg2E
943,0syDlyg92aJR
945,KANvIwvokY2zvv0T3N
947,7n3H4y
949,aewG5PMV2v4ZPFnyoP2Regq
951,aCbR6rtbkOTzqV
953,dvfH9fwxqrIBmDO7U2vcV
955,dlr9gt4EdBKwUw5b6q
957,IVSK7V2QW5AcBK237qgRZdro7
959,pxeUUYIt6jIC1Na1OmsTubcxx5mq
961,2ojMDNzTJZknzUQ2iHcXqa9qDlc
963,D8G21FcL7xzIJotJ
965,72i0AdcFXDZE7F8guHVoCnZKiBVYF
967,w9aPJPFaKh1H9
969,XDBVXefynVlG89mr
971,vq1p0vJsj34b3
973,6zvytp6qaT24zgUFIMekQOAs
975,7Hu9kov01E6K4T3dmf8A
977,zuprnjVsb7KZE7
979,E8XklHjgphdgRKsffhSMufy8AN
981,LpNe8Ti
983,0N4znKjnAZp6LH
985,mrkQEkphWAPr0In2vHyK88my88L
987,fGoAnDDmtHIGWVmSfs
989,Io090xprOAb1ftB
991,cVAATxB
993,VJOWD9vk
995,NWz2iyw17sUgGtK
997,ECMwyYsbX4elY
999,X73nWJsGM45Vys93Xn1OcIqr
